dataset,metric,number_of_variants,ft_percentage,boost,shapiro,normally_distributed,ttest,ttest_significant,wilcoxon,wilcoxon_significant
argouml-spl,f1,3,5,False,0.011345466362242117,False,1.2172235451556982e-21,True,9.313225746154785e-10,True
argouml-spl,f1,3,5,True,0.2825234165136979,True,1.779589106061253e-15,True,9.313225746154785e-10,True
argouml-spl,f1,3,10,False,0.03233008664370142,False,4.055946706975648e-24,True,9.313225746154785e-10,True
argouml-spl,f1,3,10,True,0.2244870074865703,True,5.489461511403677e-19,True,9.313225746154785e-10,True
argouml-spl,f1,3,15,False,0.06393924325740835,True,2.509760622617771e-25,True,9.313225746154785e-10,True
argouml-spl,f1,3,15,True,0.424049060613941,True,1.2337776875122606e-20,True,9.313225746154785e-10,True
argouml-spl,f1,3,20,False,0.047305189762913084,False,7.991779341714235e-26,True,9.313225746154785e-10,True
argouml-spl,f1,3,20,True,0.6044778960065762,True,1.204275267790594e-22,True,9.313225746154785e-10,True
argouml-spl,f1,3,25,False,0.03577630193310007,False,1.8825144811022202e-26,True,9.313225746154785e-10,True
argouml-spl,f1,3,25,True,0.22683464865538755,True,8.33625159550509e-25,True,9.313225746154785e-10,True
argouml-spl,f1,5,5,False,0.18873108962834817,True,1.488005160667575e-15,True,9.313225746154785e-10,True
argouml-spl,f1,5,5,True,0.1723409992652577,True,5.078051188206078e-12,True,9.313225746154785e-10,True
argouml-spl,f1,5,10,False,0.20948890449382612,True,1.5598021069274657e-16,True,9.313225746154785e-10,True
argouml-spl,f1,5,10,True,0.0007797562007603189,False,1.1864174510273852e-11,True,9.313225746154785e-10,True
argouml-spl,f1,5,15,False,0.2439498574715689,True,2.862378458767379e-17,True,9.313225746154785e-10,True
argouml-spl,f1,5,15,True,0.02519043962535941,False,5.562742494958061e-13,True,9.313225746154785e-10,True
argouml-spl,f1,5,20,False,0.24952779419037452,True,2.4482753308314976e-17,True,9.313225746154785e-10,True
argouml-spl,f1,5,20,True,0.614238465254306,True,1.1278844637438606e-15,True,9.313225746154785e-10,True
argouml-spl,f1,5,25,False,0.2597706240950094,True,2.584984721546778e-17,True,9.313225746154785e-10,True
argouml-spl,f1,5,25,True,0.7009361418144012,True,1.4332703987238266e-16,True,9.313225746154785e-10,True
argouml-spl,f1,7,5,False,0.021362251711833213,False,2.576870668163029e-10,True,9.313225746154785e-10,True
argouml-spl,f1,7,5,True,1.724506264345496e-05,False,2.540727165382075e-07,True,9.313225746154785e-10,True
argouml-spl,f1,7,10,False,0.025083214486159994,False,9.809310882989253e-11,True,9.313225746154785e-10,True
argouml-spl,f1,7,10,True,4.589093689723947e-06,False,1.3755755588867088e-07,True,9.313225746154785e-10,True
argouml-spl,f1,7,15,False,0.022871084311581392,False,9.05558527253855e-11,True,9.313225746154785e-10,True
argouml-spl,f1,7,15,True,3.442214306346279e-05,False,1.3852646106812774e-07,True,9.313225746154785e-10,True
argouml-spl,f1,7,20,False,0.028385606388963276,False,6.838654435417601e-11,True,9.313225746154785e-10,True
argouml-spl,f1,7,20,True,0.00011728820463888367,False,1.0394454726066871e-08,True,9.313225746154785e-10,True
argouml-spl,f1,7,25,False,0.024055403413590293,False,6.437219021068893e-11,True,9.313225746154785e-10,True
argouml-spl,f1,7,25,True,0.0008327167129483063,False,5.901859718178947e-09,True,9.313225746154785e-10,True
argouml-spl,precision,3,5,False,0.011230041964998294,False,6.556428288211466e-24,True,9.313225746154785e-10,True
argouml-spl,precision,3,5,True,0.0689184464916047,True,1.517358933332381e-15,True,9.313225746154785e-10,True
argouml-spl,precision,3,10,False,0.005325935873531861,False,2.1628345041747654e-27,True,9.313225746154785e-10,True
argouml-spl,precision,3,10,True,0.03804497104255271,False,1.5895064255028081e-19,True,9.313225746154785e-10,True
argouml-spl,precision,3,15,False,0.016009976816052065,False,3.5818400237548586e-29,True,9.313225746154785e-10,True
argouml-spl,precision,3,15,True,0.045505200427288624,False,1.8370670364014425e-21,True,9.313225746154785e-10,True
argouml-spl,precision,3,20,False,0.020833427502448446,False,6.08126352106492e-30,True,9.313225746154785e-10,True
argouml-spl,precision,3,20,True,0.24496889751885054,True,4.549860920806464e-24,True,9.313225746154785e-10,True
argouml-spl,precision,3,25,False,0.008641786748205059,False,6.844375316268364e-31,True,9.313225746154785e-10,True
argouml-spl,precision,3,25,True,0.5375357077333017,True,9.96332077146022e-28,True,9.313225746154785e-10,True
argouml-spl,precision,5,5,False,0.16319513171795164,True,2.255748337140707e-17,True,9.313225746154785e-10,True
argouml-spl,precision,5,5,True,0.13557887495545562,True,3.228237719284799e-12,True,9.313225746154785e-10,True
argouml-spl,precision,5,10,False,0.12233604088390865,True,1.528245301569477e-18,True,9.313225746154785e-10,True
argouml-spl,precision,5,10,True,0.00017817114292381026,False,1.1260034062529533e-11,True,9.313225746154785e-10,True
argouml-spl,precision,5,15,False,0.14237434400971033,True,1.6016447148244377e-19,True,9.313225746154785e-10,True
argouml-spl,precision,5,15,True,0.005020328541771051,False,3.1998119542934613e-13,True,9.313225746154785e-10,True
argouml-spl,precision,5,20,False,0.09576612884487641,True,1.8475066264408112e-19,True,9.313225746154785e-10,True
argouml-spl,precision,5,20,True,0.31611047736112596,True,1.5946493126164852e-16,True,9.313225746154785e-10,True
argouml-spl,precision,5,25,False,0.1433277299998329,True,2.179688017420541e-19,True,9.313225746154785e-10,True
argouml-spl,precision,5,25,True,0.3310075583078752,True,1.2290788563266032e-17,True,9.313225746154785e-10,True
argouml-spl,precision,7,5,False,0.054375433872110454,True,1.8871697063989722e-11,True,9.313225746154785e-10,True
argouml-spl,precision,7,5,True,1.5864440936937864e-05,False,1.4910968962380175e-07,True,9.313225746154785e-10,True
argouml-spl,precision,7,10,False,0.07654547520531983,True,5.788350582127954e-12,True,9.313225746154785e-10,True
argouml-spl,precision,7,10,True,3.349334890999522e-06,False,8.314267741012808e-08,True,9.313225746154785e-10,True
argouml-spl,precision,7,15,False,0.05193116816404899,True,6.499481492203103e-12,True,9.313225746154785e-10,True
argouml-spl,precision,7,15,True,1.8343158965732854e-05,False,9.58835294258241e-08,True,9.313225746154785e-10,True
argouml-spl,precision,7,20,False,0.06478948551686868,True,4.9828842004342806e-12,True,9.313225746154785e-10,True
argouml-spl,precision,7,20,True,8.082437388801111e-05,False,4.682526572698422e-09,True,9.313225746154785e-10,True
argouml-spl,precision,7,25,False,0.04572772709468919,False,5.386583217506582e-12,True,9.313225746154785e-10,True
argouml-spl,precision,7,25,True,0.0007481042090348106,False,2.591330854488185e-09,True,9.313225746154785e-10,True
argouml-spl,recall,3,5,False,6.099437166251312e-07,False,0.0006523866750604994,True,9.107648574484005e-06,True
argouml-spl,recall,3,5,True,2.1949871461133372e-07,False,0.004594604422102801,True,0.0005906134248146386,True
argouml-spl,recall,3,10,False,2.1411135059435404e-06,False,0.00027296818766294845,True,1.3507974243552752e-05,True
argouml-spl,recall,3,10,True,1.368285809986195e-06,False,0.000680664154722968,True,1.993127919129203e-05,True
argouml-spl,recall,3,15,False,4.8085852699809826e-06,False,0.000162274795036995,True,9.107648574484005e-06,True
argouml-spl,recall,3,15,True,5.922977590365365e-06,False,0.00019804766930244444,True,1.0491705511921633e-05,True
argouml-spl,recall,3,20,False,3.3071265163046685e-06,False,0.0001791907789780849,True,9.107648574484005e-06,True
argouml-spl,recall,3,20,True,5.454401870149417e-06,False,0.00016719277583531814,True,6.949007046894953e-06,True
argouml-spl,recall,3,25,False,5.82686651964918e-06,False,0.00013198036535939838,True,4.149049653178655e-06,True
argouml-spl,recall,3,25,True,8.235018246395751e-06,False,0.00011997709090435275,True,3.935743651233956e-06,True
argouml-spl,recall,5,5,False,0.00024811661327531995,False,9.355134224400272e-06,True,4.149049653178655e-06,True
argouml-spl,recall,5,5,True,8.647361929560519e-07,False,0.0009047289844210135,True,0.0003180756832222919,True
argouml-spl,recall,5,10,False,0.00031533307573116927,False,8.246775851158344e-06,True,1.8948097207904354e-06,True
argouml-spl,recall,5,10,True,0.00023964029425954482,False,4.2647246000825504e-05,True,4.610046744346619e-06,True
argouml-spl,recall,5,15,False,0.00015441868508169482,False,6.1917675390345156e-06,True,1.2815416253625037e-06,True
argouml-spl,recall,5,15,True,0.0004695851589623779,False,1.4949543739298912e-05,True,9.955838322639465e-07,True
argouml-spl,recall,5,20,False,0.00023348703392262677,False,8.839201311351731e-06,True,1.2815416253625037e-06,True
argouml-spl,recall,5,20,True,0.0005193634508596617,False,7.823308052740658e-06,True,3.6148027538805562e-06,True
argouml-spl,recall,5,25,False,0.0003200397094312835,False,7.600615636491976e-06,True,9.313225746154785e-10,True
argouml-spl,recall,5,25,True,0.00040916272331978923,False,7.026471643545278e-06,True,4.6566128730773926e-09,True
argouml-spl,recall,7,5,False,2.2400099867065442e-08,False,0.005845027802289626,True,1.3507974243552752e-05,True
argouml-spl,recall,7,5,True,1.3951574371572657e-06,False,0.006133489083784231,True,0.009501895188918344,True
argouml-spl,recall,7,10,False,3.200982823927281e-08,False,0.004599804137144919,True,4.149049653178655e-06,True
argouml-spl,recall,7,10,True,7.956599082267729e-08,False,0.003743417309481441,True,0.0002527441829442978,True
argouml-spl,recall,7,15,False,2.6155371213618243e-08,False,0.005062561470157517,True,2.803058263748007e-06,True
argouml-spl,recall,7,15,True,4.7196150035784154e-08,False,0.004578354620191238,True,0.00014623139303443,True
argouml-spl,recall,7,20,False,3.309744379358122e-08,False,0.00439006739673686,True,1.2815416253625037e-06,True
argouml-spl,recall,7,20,True,5.047740978016579e-08,False,0.004023286792519541,True,2.291112656922456e-05,True
argouml-spl,recall,7,25,False,4.236015995831539e-08,False,0.0040866718016008136,True,1.8948097207904354e-06,True
argouml-spl,recall,7,25,True,4.860389546158749e-08,False,0.004137721050342427,True,1.7301585813737826e-05,True
berkeley-db-libdb,f1,3,5,False,0.0026206968528519957,False,3.162418079877455e-12,True,9.313225746154785e-10,True
berkeley-db-libdb,f1,3,5,True,0.0011345543539775034,False,8.621732529351775e-06,True,1.5739351511001587e-07,True
berkeley-db-libdb,f1,3,10,False,3.183165363192622e-05,False,5.837675506799385e-14,True,9.313225746154785e-10,True
berkeley-db-libdb,f1,3,10,True,0.0003472115640786999,False,1.0051678947064944e-06,True,9.313225746154785e-10,True
berkeley-db-libdb,f1,3,15,False,0.0006102966565819778,False,5.363051113837511e-18,True,9.313225746154785e-10,True
berkeley-db-libdb,f1,3,15,True,0.0012439588766053101,False,1.0671228242901685e-07,True,2.7939677238464355e-09,True
berkeley-db-libdb,f1,3,20,False,0.0006825463797352183,False,4.487057267897461e-16,True,9.313225746154785e-10,True
berkeley-db-libdb,f1,3,20,True,0.0023089499690573945,False,1.5088320851875855e-09,True,9.313225746154785e-10,True
berkeley-db-libdb,f1,3,25,False,0.0010292957395370804,False,1.909316402305483e-18,True,9.313225746154785e-10,True
berkeley-db-libdb,f1,3,25,True,0.0007364658184227472,False,5.886230867091887e-10,True,9.313225746154785e-10,True
berkeley-db-libdb,f1,5,5,False,1.0933739593133652e-05,False,7.894165776593774e-08,True,9.313225746154785e-10,True
berkeley-db-libdb,f1,5,5,True,0.00043505588475551066,False,3.1201527551120633e-06,True,9.313225746154785e-10,True
berkeley-db-libdb,f1,5,10,False,0.002759115695977746,False,1.7399919711204794e-10,True,1.2815416253625037e-06,True
berkeley-db-libdb,f1,5,10,True,0.0010057901352332676,False,8.72063031398033e-06,True,8.022566821361481e-06,True
berkeley-db-libdb,f1,5,15,False,0.04877847056554446,False,7.1997693963533615e-12,True,9.313225746154785e-10,True
berkeley-db-libdb,f1,5,15,True,0.00012643788328326852,False,3.690246114478745e-07,True,9.313225746154785e-10,True
berkeley-db-libdb,f1,5,20,False,0.1069151363371032,True,5.5721538284827834e-12,True,9.313225746154785e-10,True
berkeley-db-libdb,f1,5,20,True,5.4177563420388184e-05,False,9.531395059772392e-08,True,9.313225746154785e-10,True
berkeley-db-libdb,f1,5,25,False,0.25953310514382255,True,5.004090189094552e-13,True,9.313225746154785e-10,True
berkeley-db-libdb,f1,5,25,True,3.283982254100349e-05,False,3.5648348054180914e-08,True,9.313225746154785e-10,True
berkeley-db-libdb,f1,7,5,False,0.14144990991070489,True,3.9766802780083435e-10,True,1.8948097207904354e-06,True
berkeley-db-libdb,f1,7,5,True,0.0034489398076274057,False,3.755964309410986e-07,True,1.8948097207904354e-06,True
berkeley-db-libdb,f1,7,10,False,0.061481212715325965,True,1.294041276250694e-10,True,9.313225746154785e-10,True
berkeley-db-libdb,f1,7,10,True,0.003068677031836533,False,8.784988268533841e-08,True,9.313225746154785e-10,True
berkeley-db-libdb,f1,7,15,False,0.06785538055543927,True,1.4920023807138167e-11,True,9.313225746154785e-10,True
berkeley-db-libdb,f1,7,15,True,0.004156868750894667,False,1.5192344886395523e-08,True,9.313225746154785e-10,True
berkeley-db-libdb,f1,7,20,False,0.17788834414531957,True,1.524136726444485e-11,True,9.313225746154785e-10,True
berkeley-db-libdb,f1,7,20,True,0.025602815830618984,False,1.4335522464164867e-08,True,9.313225746154785e-10,True
berkeley-db-libdb,f1,7,25,False,0.0895837834467304,True,8.398778917986583e-12,True,9.313225746154785e-10,True
berkeley-db-libdb,f1,7,25,True,0.02399332593679283,False,3.928106712174525e-09,True,9.313225746154785e-10,True
berkeley-db-libdb,precision,3,5,False,0.00041944440201106164,False,3.0886590892155166e-12,True,9.313225746154785e-10,True
berkeley-db-libdb,precision,3,5,True,0.00014829511483072002,False,1.2340303331903427e-05,True,1.7695128917694092e-08,True
berkeley-db-libdb,precision,3,10,False,3.7162602947593448e-06,False,2.8640669551611364e-14,True,9.313225746154785e-10,True
berkeley-db-libdb,precision,3,10,True,0.00012374324237730683,False,2.119756127296157e-06,True,9.313225746154785e-10,True
berkeley-db-libdb,precision,3,15,False,0.0004150706121710189,False,8.779183419774095e-19,True,9.313225746154785e-10,True
berkeley-db-libdb,precision,3,15,True,2.577576082395163e-05,False,1.9648669317712735e-07,True,9.313225746154785e-10,True
berkeley-db-libdb,precision,3,20,False,2.181753702803257e-05,False,8.262666675359499e-17,True,9.313225746154785e-10,True
berkeley-db-libdb,precision,3,20,True,6.9875536764439e-05,False,1.489765706887131e-08,True,9.313225746154785e-10,True
berkeley-db-libdb,precision,3,25,False,0.00015258930756946695,False,2.0772642128664816e-19,True,9.313225746154785e-10,True
berkeley-db-libdb,precision,3,25,True,5.579706203379107e-05,False,2.858211835998361e-09,True,9.313225746154785e-10,True
berkeley-db-libdb,precision,5,5,False,8.864649463787946e-06,False,2.6630781284779596e-08,True,9.313225746154785e-10,True
berkeley-db-libdb,precision,5,5,True,0.0005215257856639147,False,3.1723865663724333e-06,True,9.313225746154785e-10,True
berkeley-db-libdb,precision,5,10,False,0.0005479141543396078,False,3.4339016044235695e-11,True,1.2815416253625037e-06,True
berkeley-db-libdb,precision,5,10,True,7.582213509577283e-05,False,3.4648622862157637e-06,True,1.2815416253625037e-06,True
berkeley-db-libdb,precision,5,15,False,0.011005408831218347,False,5.646170392365191e-13,True,9.313225746154785e-10,True
berkeley-db-libdb,precision,5,15,True,0.00010993341199990872,False,4.681002417842625e-07,True,9.313225746154785e-10,True
berkeley-db-libdb,precision,5,20,False,0.040829181232213324,False,4.5439746214477935e-13,True,9.313225746154785e-10,True
berkeley-db-libdb,precision,5,20,True,2.7105282960717756e-05,False,1.3674419998244247e-07,True,9.313225746154785e-10,True
berkeley-db-libdb,precision,5,25,False,0.12008380683472147,True,3.0833116908129934e-14,True,9.313225746154785e-10,True
berkeley-db-libdb,precision,5,25,True,1.1233039128315255e-05,False,5.2887959246131946e-08,True,9.313225746154785e-10,True
berkeley-db-libdb,precision,7,5,False,0.05585288212477467,True,2.8160901863000734e-10,True,1.8948097207904354e-06,True
berkeley-db-libdb,precision,7,5,True,0.0042978062576098895,False,3.333005937135645e-07,True,1.8948097207904354e-06,True
berkeley-db-libdb,precision,7,10,False,0.004188997389900255,False,6.6921720060431e-11,True,9.313225746154785e-10,True
berkeley-db-libdb,precision,7,10,True,0.00162653961260498,False,9.040293421785991e-08,True,9.313225746154785e-10,True
berkeley-db-libdb,precision,7,15,False,0.1481646768943613,True,3.4154764707639276e-12,True,9.313225746154785e-10,True
berkeley-db-libdb,precision,7,15,True,0.0031207498643313816,False,1.4454755791917957e-08,True,9.313225746154785e-10,True
berkeley-db-libdb,precision,7,20,False,0.1412428393993645,True,1.747781819462903e-12,True,9.313225746154785e-10,True
berkeley-db-libdb,precision,7,20,True,0.016409808667874046,False,1.3048439582867677e-08,True,9.313225746154785e-10,True
berkeley-db-libdb,precision,7,25,False,0.013271765220995041,False,7.507620661650263e-13,True,9.313225746154785e-10,True
berkeley-db-libdb,precision,7,25,True,0.011727134169666902,False,3.6098420813745316e-09,True,9.313225746154785e-10,True
berkeley-db-libdb,recall,3,5,False,1.0,True,nan,False,nan,False
berkeley-db-libdb,recall,3,5,True,6.148390054989997e-09,False,0.9879083972167167,False,0.9995092301237392,False
berkeley-db-libdb,recall,3,10,False,1.0,True,nan,False,nan,False
berkeley-db-libdb,recall,3,10,True,3.041061228882672e-08,False,0.994216010582689,False,0.9998534737399037,False
berkeley-db-libdb,recall,3,15,False,1.0,True,nan,False,nan,False
berkeley-db-libdb,recall,3,15,True,1.774130827880627e-09,False,0.9813078458965576,False,0.9996725208283072,False
berkeley-db-libdb,recall,3,20,False,1.0,True,nan,False,nan,False
berkeley-db-libdb,recall,3,20,True,4.0253863032834643e-10,False,0.964630615787631,False,0.9995092301237392,False
berkeley-db-libdb,recall,3,25,False,1.0,True,nan,False,nan,False
berkeley-db-libdb,recall,3,25,True,2.941597798198764e-10,False,0.9611029630862916,False,0.9992631095780624,False
berkeley-db-libdb,recall,5,5,False,1.0,True,nan,False,nan,False
berkeley-db-libdb,recall,5,5,True,7.907038695207021e-09,False,0.9902224718982823,False,0.9995092301237392,False
berkeley-db-libdb,recall,5,10,False,1.0,True,nan,False,nan,False
berkeley-db-libdb,recall,5,10,True,1.1151516987721546e-11,False,0.8588723602786066,False,0.9974689839368661,False
berkeley-db-libdb,recall,5,15,False,1.0,True,nan,False,nan,False
berkeley-db-libdb,recall,5,15,True,8.738644653862047e-10,False,0.9724999952132849,False,0.9983271909420746,False
berkeley-db-libdb,recall,5,20,False,1.0,True,nan,False,nan,False
berkeley-db-libdb,recall,5,20,True,5.024320802017978e-09,False,0.9856212355781193,False,0.9992631095780624,False
berkeley-db-libdb,recall,5,25,False,1.0,True,nan,False,nan,False
berkeley-db-libdb,recall,5,25,True,4.1703101957362154e-08,False,0.9946548013326489,False,0.9983271909420746,False
berkeley-db-libdb,recall,7,5,False,1.0,True,nan,False,nan,False
berkeley-db-libdb,recall,7,5,True,2.0737663054438022e-08,False,0.9924686067754732,False,0.9974832458996968,False
berkeley-db-libdb,recall,7,10,False,1.0,True,nan,False,nan,False
berkeley-db-libdb,recall,7,10,True,1.4709693654132923e-10,False,0.9485450915178855,False,0.9983271909420746,False
berkeley-db-libdb,recall,7,15,False,1.0,True,nan,False,nan,False
berkeley-db-libdb,recall,7,15,True,1.387872550663576e-09,False,0.9783035569048099,False,0.9910197612369607,False
berkeley-db-libdb,recall,7,20,False,7.76637667465555e-12,False,0.16279099400809674,False,0.15865525393145707,False
berkeley-db-libdb,recall,7,20,True,1.6128459654400119e-09,False,0.9773547741198273,False,0.9961837791758973,False
berkeley-db-libdb,recall,7,25,False,7.76637667465555e-12,False,0.16279099400809674,False,0.15865525393145707,False
berkeley-db-libdb,recall,7,25,True,7.037087598421351e-10,False,0.9698751316331629,False,0.9861460753209601,False
busybox,f1,3,5,False,0.005882705548192959,False,1.5180390217198652e-20,True,9.313225746154785e-10,True
busybox,f1,3,5,True,0.016913601009973838,False,3.29084761562539e-08,True,9.313225746154785e-10,True
busybox,f1,3,10,False,0.04250001267260234,False,2.593009393188338e-25,True,9.313225746154785e-10,True
busybox,f1,3,10,True,0.0005609097096910501,False,1.0790146347359304e-07,True,9.313225746154785e-10,True
busybox,f1,3,15,False,0.0007920430372293884,False,2.326428867289251e-24,True,9.313225746154785e-10,True
busybox,f1,3,15,True,0.000549064998860103,False,1.0898784651791035e-08,True,9.313225746154785e-10,True
busybox,f1,3,20,False,0.000264662589176799,False,8.387141224186678e-25,True,9.313225746154785e-10,True
busybox,f1,3,20,True,0.004175082471852352,False,5.121508583703978e-13,True,9.313225746154785e-10,True
busybox,f1,3,25,False,0.001713988071887796,False,3.2802019223852346e-27,True,9.313225746154785e-10,True
busybox,f1,3,25,True,0.0001457996240226291,False,3.1333778148668745e-11,True,9.313225746154785e-10,True
busybox,f1,5,5,False,0.9212117926784175,True,2.1105146844265037e-12,True,1.2815416253625037e-06,True
busybox,f1,5,5,True,0.0009008691003230941,False,5.229415828185301e-06,True,1.2815416253625037e-06,True
busybox,f1,5,10,False,0.10550460967938913,True,7.804712219393771e-14,True,1.2815416253625037e-06,True
busybox,f1,5,10,True,0.0005665127321740694,False,1.6648232469337795e-06,True,1.2815416253625037e-06,True
busybox,f1,5,15,False,0.5945797857517101,True,2.455812701485751e-16,True,9.313225746154785e-10,True
busybox,f1,5,15,True,0.0009657735629156765,False,7.128367661041028e-08,True,9.313225746154785e-10,True
busybox,f1,5,20,False,0.8432699276505655,True,9.929536450141124e-17,True,9.313225746154785e-10,True
busybox,f1,5,20,True,0.0008496826696671788,False,1.1144530493455169e-08,True,9.313225746154785e-10,True
busybox,f1,5,25,False,0.6524261771910436,True,4.980016490738659e-16,True,9.313225746154785e-10,True
busybox,f1,5,25,True,9.117967356859244e-05,False,7.780086488591772e-09,True,9.313225746154785e-10,True
busybox,f1,7,5,False,0.0014950652900519662,False,1.1882906016778123e-06,True,9.107648574484005e-06,True
busybox,f1,7,5,True,1.1254713865533268e-05,False,0.0002524633803823683,True,2.8058405726217557e-05,True
busybox,f1,7,10,False,0.15222910701474934,True,8.92321127749625e-09,True,1.8948097207904354e-06,True
busybox,f1,7,10,True,6.645384029603579e-05,False,2.1366341921549364e-05,True,2.3578251214258573e-06,True
busybox,f1,7,15,False,0.1680966631688613,True,2.6413433129834314e-08,True,2.803058263748007e-06,True
busybox,f1,7,15,True,4.152297214044283e-06,False,7.082056813348412e-05,True,2.803058263748007e-06,True
busybox,f1,7,20,False,0.10772094053012327,True,2.2168865135771955e-08,True,2.803058263748007e-06,True
busybox,f1,7,20,True,0.039161468923387635,False,5.3146260100488013e-08,True,2.803058263748007e-06,True
busybox,f1,7,25,False,0.21882303686776422,True,9.276314799147151e-09,True,1.8948097207904354e-06,True
busybox,f1,7,25,True,0.02063362126187273,False,7.366929610480786e-08,True,1.8948097207904354e-06,True
busybox,precision,3,5,False,0.0015133518448392838,False,8.892985344379007e-22,True,9.313225746154785e-10,True
busybox,precision,3,5,True,0.008037404631889494,False,8.085436562354801e-08,True,9.313225746154785e-10,True
busybox,precision,3,10,False,0.01256060044134375,False,2.6761260176842197e-28,True,9.313225746154785e-10,True
busybox,precision,3,10,True,0.00018556171668010745,False,3.9664681784223794e-07,True,9.313225746154785e-10,True
busybox,precision,3,15,False,4.01025591447734e-07,False,1.4041636575027337e-25,True,9.313225746154785e-10,True
busybox,precision,3,15,True,0.00026511101477496955,False,6.457214906730546e-08,True,9.313225746154785e-10,True
busybox,precision,3,20,False,1.6633135725352986e-05,False,1.2444033438115398e-27,True,9.313225746154785e-10,True
busybox,precision,3,20,True,0.00021778705584312677,False,4.3515717445203735e-12,True,9.313225746154785e-10,True
busybox,precision,3,25,False,0.0010384176635721827,False,2.438303190421465e-31,True,9.313225746154785e-10,True
busybox,precision,3,25,True,3.07299128191479e-05,False,6.670634936346519e-10,True,9.313225746154785e-10,True
busybox,precision,5,5,False,0.605798412051603,True,1.7349441693464587e-13,True,1.2815416253625037e-06,True
busybox,precision,5,5,True,0.000557867448923529,False,4.6518189891573925e-06,True,1.2815416253625037e-06,True
busybox,precision,5,10,False,0.0010607152729196646,False,1.0763725202614988e-15,True,1.2815416253625037e-06,True
busybox,precision,5,10,True,0.0010163303230023798,False,1.5444731532858407e-06,True,1.2815416253625037e-06,True
busybox,precision,5,15,False,0.055699827013097156,True,3.279072392476616e-19,True,9.313225746154785e-10,True
busybox,precision,5,15,True,0.00034145746806879,False,1.9580210932072486e-07,True,9.313225746154785e-10,True
busybox,precision,5,20,False,0.10137685830300075,True,3.18265721901676e-20,True,9.313225746154785e-10,True
busybox,precision,5,20,True,0.00023231475323272715,False,5.082327431220948e-08,True,9.313225746154785e-10,True
busybox,precision,5,25,False,0.25630870693614227,True,3.775314548708453e-19,True,9.313225746154785e-10,True
busybox,precision,5,25,True,2.302369223581042e-05,False,4.884920224618584e-08,True,9.313225746154785e-10,True
busybox,precision,7,5,False,0.00793014440214801,False,2.4055971975630875e-07,True,9.107648574484005e-06,True
busybox,precision,7,5,True,1.0440095478445264e-05,False,0.00013618673730108943,True,9.107648574484005e-06,True
busybox,precision,7,10,False,0.2852369459738369,True,6.599247391778246e-10,True,1.8948097207904354e-06,True
busybox,precision,7,10,True,6.519779683321625e-05,False,1.080344479930517e-05,True,1.8948097207904354e-06,True
busybox,precision,7,15,False,0.25806724175702145,True,4.801401174506792e-09,True,2.803058263748007e-06,True
busybox,precision,7,15,True,5.165521966425141e-06,False,6.700377338769226e-05,True,2.803058263748007e-06,True
busybox,precision,7,20,False,0.3571523579454118,True,2.9800937670857842e-09,True,2.803058263748007e-06,True
busybox,precision,7,20,True,0.026438619484774377,False,6.094967861347015e-08,True,2.803058263748007e-06,True
busybox,precision,7,25,False,0.5545668390159355,True,1.3172781840642738e-09,True,1.8948097207904354e-06,True
busybox,precision,7,25,True,0.016968012906200817,False,4.023675494981805e-08,True,1.8948097207904354e-06,True
busybox,recall,3,5,False,1.0,True,nan,False,nan,False
busybox,recall,3,5,True,9.109053909750176e-05,False,0.9999410330886495,False,0.9999864920257564,False
busybox,recall,3,10,False,1.0,True,nan,False,nan,False
busybox,recall,3,10,True,2.3436957527446817e-06,False,0.9995801340739784,False,0.9999864920257564,False
busybox,recall,3,15,False,1.0,True,nan,False,nan,False
busybox,recall,3,15,True,5.0429493056532e-07,False,0.9988851420528336,False,0.9999557127115607,False
busybox,recall,3,20,False,1.0,True,nan,False,nan,False
busybox,recall,3,20,True,4.2818089521446126e-07,False,0.9985187209311177,False,0.9997811114027126,False
busybox,recall,3,25,False,1.0,True,nan,False,nan,False
busybox,recall,3,25,True,0.0002672780679915073,False,0.9999851419498379,False,0.9999864920257564,False
busybox,recall,5,5,False,1.0,True,nan,False,nan,False
busybox,recall,5,5,True,1.4865248721309956e-07,False,0.9971309135078462,False,0.9988911392678814,False
busybox,recall,5,10,False,7.76637667465555e-12,False,0.16279099400809693,False,0.15865525393145707,False
busybox,recall,5,10,True,6.750961796747109e-09,False,0.9877773566096156,False,0.9995973618815166,False
busybox,recall,5,15,False,1.0,True,nan,False,nan,False
busybox,recall,5,15,True,4.2984994217250434e-08,False,0.9956388626862283,False,0.9992655750168921,False
busybox,recall,5,20,False,7.76637667465555e-12,False,0.16279099400809693,False,0.15865525393145707,False
busybox,recall,5,20,True,1.0067031004045625e-10,False,0.9392730074034092,False,0.9981491252966553,False
busybox,recall,5,25,False,7.76637667465555e-12,False,0.16279099400809693,False,0.15865525393145707,False
busybox,recall,5,25,True,9.699901564753902e-08,False,0.996563594831339,False,0.9945688876475922,False
busybox,recall,7,5,False,1.0,True,nan,False,nan,False
busybox,recall,7,5,True,1.3465312658313244e-07,False,0.9971142784239666,False,0.9995092301237392,False
busybox,recall,7,10,False,7.76637667465555e-12,False,0.16279099400809674,False,0.15865525393145707,False
busybox,recall,7,10,True,2.1735046272263094e-07,False,0.9980759385765475,False,0.9992631095780624,False
busybox,recall,7,15,False,1.0,True,nan,False,nan,False
busybox,recall,7,15,True,5.206138429743495e-09,False,0.9856314643623879,False,0.9941406572001157,False
busybox,recall,7,20,False,1.0,True,nan,False,nan,False
busybox,recall,7,20,True,1.2298606425110388e-08,False,0.9910214808951336,False,0.9983271909420746,False
busybox,recall,7,25,False,7.76637667465555e-12,False,0.16279099400809685,False,0.15865525393145707,False
busybox,recall,7,25,True,2.7439213295715623e-09,False,0.9843125139681737,False,0.9988911392678814,False
dia,f1,3,5,False,0.008414629121480522,False,5.178667421391129e-23,True,9.313225746154785e-10,True
dia,f1,3,5,True,0.1734014098586375,True,4.404148877979358e-10,True,9.313225746154785e-10,True
dia,f1,3,10,False,0.008544982802116302,False,3.863063704164491e-25,True,9.313225746154785e-10,True
dia,f1,3,10,True,0.8307043260122844,True,7.743795310954656e-13,True,9.313225746154785e-10,True
dia,f1,3,15,False,0.012422137975330195,False,6.966565368798433e-26,True,9.313225746154785e-10,True
dia,f1,3,15,True,0.12312630409833208,True,8.828618132085805e-12,True,9.313225746154785e-10,True
dia,f1,3,20,False,0.002086483401349249,False,3.912027172275297e-26,True,9.313225746154785e-10,True
dia,f1,3,20,True,0.3256141609864831,True,6.7106852562334e-13,True,9.313225746154785e-10,True
dia,f1,3,25,False,0.000379606170748283,False,2.4803924991810242e-26,True,9.313225746154785e-10,True
dia,f1,3,25,True,0.02327426120514832,False,1.0121343324549763e-12,True,9.313225746154785e-10,True
dia,f1,5,5,False,0.018617268151719744,False,8.968032610840236e-17,True,9.313225746154785e-10,True
dia,f1,5,5,True,0.10613805210055421,True,3.87739019216176e-09,True,9.313225746154785e-10,True
dia,f1,5,10,False,0.06393143642186322,True,5.666508242308978e-19,True,9.313225746154785e-10,True
dia,f1,5,10,True,0.04721739263602568,False,2.6538750070008353e-09,True,9.313225746154785e-10,True
dia,f1,5,15,False,0.06783205398302572,True,1.2422457723854942e-18,True,9.313225746154785e-10,True
dia,f1,5,15,True,0.02893196747967682,False,1.0503534234931626e-09,True,9.313225746154785e-10,True
dia,f1,5,20,False,0.09632336623383121,True,1.031031847287774e-17,True,9.313225746154785e-10,True
dia,f1,5,20,True,0.2829629951127271,True,1.2467447769610071e-11,True,9.313225746154785e-10,True
dia,f1,5,25,False,0.13794121689632427,True,1.8753333769739958e-18,True,9.313225746154785e-10,True
dia,f1,5,25,True,0.06219135806749539,True,1.0195779602344927e-11,True,9.313225746154785e-10,True
dia,f1,7,5,False,0.14296840131425637,True,6.252044576542344e-09,True,1.8948097207904354e-06,True
dia,f1,7,5,True,0.01974090836908848,False,1.1806590681310181e-08,True,1.8948097207904354e-06,True
dia,f1,7,10,False,0.277445325828522,True,3.230964587687563e-10,True,9.313225746154785e-10,True
dia,f1,7,10,True,0.04195960232857255,False,4.394523639410957e-09,True,9.313225746154785e-10,True
dia,f1,7,15,False,0.36991177211835063,True,5.6916429597497116e-11,True,9.313225746154785e-10,True
dia,f1,7,15,True,0.12675143565713937,True,4.621657241989543e-09,True,9.313225746154785e-10,True
dia,f1,7,20,False,0.48437864473366743,True,1.1385516743111509e-11,True,1.2815416253625037e-06,True
dia,f1,7,20,True,0.042984733106381894,False,1.281004777238105e-08,True,1.2815416253625037e-06,True
dia,f1,7,25,False,0.8136368871938335,True,2.9096648567234774e-12,True,1.862645149230957e-09,True
dia,f1,7,25,True,0.3679643163422539,True,1.4218623799728626e-09,True,1.862645149230957e-09,True
dia,precision,3,5,False,0.011142247831838818,False,5.147855347513342e-26,True,9.313225746154785e-10,True
dia,precision,3,5,True,0.021565564951865724,False,1.8734158234295528e-09,True,9.313225746154785e-10,True
dia,precision,3,10,False,0.003804476982862932,False,1.0669402267254025e-28,True,9.313225746154785e-10,True
dia,precision,3,10,True,0.29191570115636345,True,1.887885501539758e-11,True,9.313225746154785e-10,True
dia,precision,3,15,False,0.014806263020264436,False,5.409821293230039e-29,True,9.313225746154785e-10,True
dia,precision,3,15,True,0.027881189481852902,False,1.5193273851459653e-10,True,9.313225746154785e-10,True
dia,precision,3,20,False,0.00014377771692183948,False,2.1580456981851986e-30,True,9.313225746154785e-10,True
dia,precision,3,20,True,0.05639263099410762,True,4.993579403327531e-11,True,9.313225746154785e-10,True
dia,precision,3,25,False,0.00025953450980887075,False,1.0433439355587723e-30,True,9.313225746154785e-10,True
dia,precision,3,25,True,0.00439583693575713,False,5.1637194947004656e-11,True,9.313225746154785e-10,True
dia,precision,5,5,False,0.0069013939930593045,False,4.935710132886777e-19,True,9.313225746154785e-10,True
dia,precision,5,5,True,0.07646540767179469,True,3.3432783912144237e-09,True,9.313225746154785e-10,True
dia,precision,5,10,False,0.008715654102085319,False,1.4737774781467027e-21,True,9.313225746154785e-10,True
dia,precision,5,10,True,0.07206098507336554,True,1.9456703593946063e-09,True,9.313225746154785e-10,True
dia,precision,5,15,False,0.011134382639121336,False,1.149118013984004e-21,True,9.313225746154785e-10,True
dia,precision,5,15,True,0.030600242043008586,False,1.443517202941106e-09,True,9.313225746154785e-10,True
dia,precision,5,20,False,0.005992343001677072,False,5.5364020508968976e-21,True,9.313225746154785e-10,True
dia,precision,5,20,True,0.12037811129533516,True,4.2262191340589875e-11,True,9.313225746154785e-10,True
dia,precision,5,25,False,0.007856418172585982,False,4.0498162865099766e-22,True,9.313225746154785e-10,True
dia,precision,5,25,True,0.05724592901218425,True,2.280732351423822e-11,True,9.313225746154785e-10,True
dia,precision,7,5,False,0.42917410387941385,True,1.015680491350755e-09,True,1.8948097207904354e-06,True
dia,precision,7,5,True,0.03130617537833078,False,4.819811067091567e-09,True,1.8948097207904354e-06,True
dia,precision,7,10,False,0.47121143322996495,True,4.350330615903397e-11,True,9.313225746154785e-10,True
dia,precision,7,10,True,0.03990399995445242,False,3.1896662000619135e-09,True,9.313225746154785e-10,True
dia,precision,7,15,False,0.21786329299942325,True,6.993005534403114e-12,True,9.313225746154785e-10,True
dia,precision,7,15,True,0.09967460634661864,True,4.029848232419321e-09,True,9.313225746154785e-10,True
dia,precision,7,20,False,0.18497926293465733,True,1.2525539869971213e-12,True,1.2815416253625037e-06,True
dia,precision,7,20,True,0.026848123352163314,False,1.1337917246947736e-08,True,1.2815416253625037e-06,True
dia,precision,7,25,False,0.1463964504471194,True,1.1286581466791864e-13,True,1.862645149230957e-09,True
dia,precision,7,25,True,0.21827165500917423,True,1.0133193681700594e-09,True,1.862645149230957e-09,True
dia,recall,3,5,False,1.0,True,nan,False,nan,False
dia,recall,3,5,True,2.232278140333662e-06,False,0.9995172230886048,False,0.9999702151104627,False
dia,recall,3,10,False,1.0,True,nan,False,nan,False
dia,recall,3,10,True,3.9082789721659104e-07,False,0.9986755178164574,False,0.9999340830555086,False
dia,recall,3,15,False,7.76637667465555e-12,False,0.8372090059919032,False,0.8413447460685429,False
dia,recall,3,15,True,8.075929931181545e-06,False,0.9997725682187073,False,0.9999340830555086,False
dia,recall,3,20,False,7.76637667465555e-12,False,0.8372090059919032,False,0.8413447460685429,False
dia,recall,3,20,True,1.0607666051940251e-08,False,0.9940997871648517,False,0.9999019533227331,False
dia,recall,3,25,False,7.76637667465555e-12,False,0.8372090059919032,False,0.8413447460685429,False
dia,recall,3,25,True,1.9788332556405937e-06,False,0.9993473518067196,False,0.9995092301237392,False
dia,recall,5,5,False,1.0,True,nan,False,nan,False
dia,recall,5,5,True,5.75006915004613e-08,False,0.9957292340676672,False,0.9995092301237392,False
dia,recall,5,10,False,7.76637667465555e-12,False,0.8372090059919032,False,0.8413447460685429,False
dia,recall,5,10,True,3.0202654864632833e-09,False,0.9857953717009946,False,0.9995092301237392,False
dia,recall,5,15,False,4.859726278657154e-11,False,0.9189377667538084,False,0.9101437525605001,False
dia,recall,5,15,True,1.0437191232447123e-07,False,0.9969116752579862,False,0.9992631095780624,False
dia,recall,5,20,False,2.2002191754610417e-10,False,0.9577676663572499,False,0.9455952849797271,False
dia,recall,5,20,True,3.4179702531485307e-09,False,0.9854555174421478,False,0.9996725208283072,False
dia,recall,5,25,False,2.3485377575728745e-10,False,0.9550142813645864,False,0.9455952849797271,False
dia,recall,5,25,True,7.793271798830838e-06,False,0.9997414219037372,False,0.9992631095780624,False
dia,recall,7,5,False,7.76637667465555e-12,False,0.8372090059919033,False,0.8413447460685429,False
dia,recall,7,5,True,3.8487761560355864e-08,False,0.9949285838582882,False,0.9988911392678814,False
dia,recall,7,10,False,7.76637667465555e-12,False,0.8372090059919032,False,0.8413447460685429,False
dia,recall,7,10,True,2.0237910112633785e-10,False,0.9498329981847734,False,0.9910197612369607,False
dia,recall,7,15,False,3.9129137232775273e-10,False,0.9585147590303786,False,0.9660554225690855,False
dia,recall,7,15,True,2.195109377512094e-09,False,0.9803969104658977,False,0.9861460753209601,False
dia,recall,7,20,False,5.718810123179578e-10,False,0.9672462485852289,False,0.9660554225690855,False
dia,recall,7,20,True,5.650234535824235e-10,False,0.9656781153463567,False,0.9861460753209601,False
dia,recall,7,25,False,2.3816747859428725e-08,False,0.9934654009322932,False,0.9974689839368661,False
dia,recall,7,25,True,1.1187814214490016e-06,False,0.9993033791876339,False,0.9992631095780624,False
apache-httpd,f1,3,5,False,0.00037088189823763124,False,5.5962516640404e-10,True,1.3507974243552752e-05,True
apache-httpd,f1,3,5,True,0.004625114609950968,False,5.920145291935314e-07,True,1.3507974243552752e-05,True
apache-httpd,f1,3,10,False,0.0003418963788972308,False,3.6850016340549655e-14,True,9.313225746154785e-10,True
apache-httpd,f1,3,10,True,0.00012046469828846395,False,3.1718700601034827e-06,True,9.313225746154785e-10,True
apache-httpd,f1,3,15,False,0.0004232113901110647,False,3.6400242380362384e-15,True,9.313225746154785e-10,True
apache-httpd,f1,3,15,True,0.003232932000446963,False,1.1363324236066834e-07,True,9.313225746154785e-10,True
apache-httpd,f1,3,20,False,5.9403146495722075e-05,False,1.173758752542666e-15,True,9.313225746154785e-10,True
apache-httpd,f1,3,20,True,3.653697738883206e-05,False,4.089177734633762e-07,True,9.313225746154785e-10,True
apache-httpd,f1,3,25,False,0.00043789915351938563,False,2.1863235561047895e-16,True,9.313225746154785e-10,True
apache-httpd,f1,3,25,True,0.0010501511856100753,False,4.242095715344676e-08,True,9.313225746154785e-10,True
apache-httpd,f1,5,5,False,0.010237992305167613,False,3.389294222831886e-13,True,1.8948097207904354e-06,True
apache-httpd,f1,5,5,True,0.0028841066246855476,False,3.5579381837483303e-06,True,4.0372501439017805e-06,True
apache-httpd,f1,5,10,False,0.3453221332059303,True,1.2038911757793416e-14,True,9.313225746154785e-10,True
apache-httpd,f1,5,10,True,7.099329145828325e-05,False,3.2937734274866628e-06,True,9.313225746154785e-10,True
apache-httpd,f1,5,15,False,0.9126594606856763,True,1.1230294287099638e-13,True,1.2815416253625037e-06,True
apache-httpd,f1,5,15,True,0.0010489712697672128,False,8.006901569248543e-07,True,1.2815416253625037e-06,True
apache-httpd,f1,5,20,False,0.3525948167827622,True,2.206249342023968e-15,True,9.313225746154785e-10,True
apache-httpd,f1,5,20,True,8.919833414497512e-06,False,2.283225624113369e-06,True,9.313225746154785e-10,True
apache-httpd,f1,5,25,False,0.14675991867301597,True,5.294641745653186e-15,True,9.313225746154785e-10,True
apache-httpd,f1,5,25,True,0.0010316201157631166,False,2.2024586564390365e-08,True,9.313225746154785e-10,True
apache-httpd,f1,7,5,False,0.005186043578253868,False,1.6374655265830327e-07,True,9.107648574484005e-06,True
apache-httpd,f1,7,5,True,1.7783345351585886e-05,False,0.00012226691744699177,True,9.107648574484005e-06,True
apache-httpd,f1,7,10,False,0.006632884952480561,False,1.2338474521082956e-07,True,2.803058263748007e-06,True
apache-httpd,f1,7,10,True,0.00014297186673551621,False,5.038842107003728e-05,True,7.643916413285107e-06,True
apache-httpd,f1,7,15,False,0.019938938833846554,False,1.7152850207141358e-07,True,4.149049653178655e-06,True
apache-httpd,f1,7,15,True,2.650396098564423e-05,False,7.310080037424523e-05,True,4.149049653178655e-06,True
apache-httpd,f1,7,20,False,0.18033687055858938,True,3.2884985987455355e-09,True,1.2815416253625037e-06,True
apache-httpd,f1,7,20,True,0.00012309846091343118,False,8.7421240322127e-06,True,1.2815416253625037e-06,True
apache-httpd,f1,7,25,False,0.2264857624068276,True,3.602537620405e-09,True,1.8948097207904354e-06,True
apache-httpd,f1,7,25,True,1.5152172984852782e-05,False,3.142553099757444e-05,True,1.8948097207904354e-06,True
apache-httpd,precision,3,5,False,0.0001334937068792838,False,4.0346222931748147e-10,True,1.3507974243552752e-05,True
apache-httpd,precision,3,5,True,0.0020136657162029776,False,5.812488443350957e-07,True,1.3507974243552752e-05,True
apache-httpd,precision,3,10,False,0.00023967189300757834,False,4.891830745085336e-15,True,9.313225746154785e-10,True
apache-httpd,precision,3,10,True,0.00011044310024233028,False,3.8100817163401874e-06,True,9.313225746154785e-10,True
apache-httpd,precision,3,15,False,4.322476924458885e-05,False,2.876606897650287e-16,True,9.313225746154785e-10,True
apache-httpd,precision,3,15,True,0.0017787353139676163,False,2.1783549079015526e-07,True,9.313225746154785e-10,True
apache-httpd,precision,3,20,False,2.7760959951445127e-06,False,8.268056541655083e-17,True,9.313225746154785e-10,True
apache-httpd,precision,3,20,True,2.067560452017666e-05,False,1.1767619032294639e-06,True,9.313225746154785e-10,True
apache-httpd,precision,3,25,False,0.00011267268923985324,False,7.285822489514816e-18,True,9.313225746154785e-10,True
apache-httpd,precision,3,25,True,0.00016751458566667722,False,1.0765317093192199e-07,True,9.313225746154785e-10,True
apache-httpd,precision,5,5,False,0.00030334221055478906,False,5.275722604717918e-14,True,1.8948097207904354e-06,True
apache-httpd,precision,5,5,True,0.001438289263496159,False,2.2111452929686354e-06,True,1.8948097207904354e-06,True
apache-httpd,precision,5,10,False,0.028674294078142832,False,1.6997566163102748e-16,True,9.313225746154785e-10,True
apache-httpd,precision,5,10,True,7.214177949674086e-05,False,4.259333042159234e-06,True,9.313225746154785e-10,True
apache-httpd,precision,5,15,False,0.05863719662052993,True,1.903930713642764e-15,True,1.2815416253625037e-06,True
apache-httpd,precision,5,15,True,0.00045063615814789514,False,1.165837323823511e-06,True,1.2815416253625037e-06,True
apache-httpd,precision,5,20,False,0.012839568478161863,False,2.066988876558401e-17,True,9.313225746154785e-10,True
apache-httpd,precision,5,20,True,2.4015193388484977e-06,False,4.32522661308169e-06,True,9.313225746154785e-10,True
apache-httpd,precision,5,25,False,0.002365023686626687,False,8.108219964318026e-17,True,9.313225746154785e-10,True
apache-httpd,precision,5,25,True,0.0004493400574148791,False,3.733856449328453e-08,True,9.313225746154785e-10,True
apache-httpd,precision,7,5,False,0.023020262183137692,False,6.3637757840656e-08,True,9.107648574484005e-06,True
apache-httpd,precision,7,5,True,0.00010409488643899133,False,4.123782370184861e-05,True,9.107648574484005e-06,True
apache-httpd,precision,7,10,False,0.11234469911448441,True,1.423268421280978e-08,True,2.803058263748007e-06,True
apache-httpd,precision,7,10,True,0.00030189457920702656,False,1.1936762085813394e-05,True,2.803058263748007e-06,True
apache-httpd,precision,7,15,False,0.14294360325585764,True,2.2571230730719006e-08,True,4.149049653178655e-06,True
apache-httpd,precision,7,15,True,0.00010748388569730692,False,3.175605188785757e-05,True,4.149049653178655e-06,True
apache-httpd,precision,7,20,False,0.8979254759088049,True,8.61422700864192e-11,True,1.2815416253625037e-06,True
apache-httpd,precision,7,20,True,0.0008277784590097521,False,2.609232027353722e-06,True,1.2815416253625037e-06,True
apache-httpd,precision,7,25,False,0.38862214244943016,True,3.831024052660741e-10,True,1.8948097207904354e-06,True
apache-httpd,precision,7,25,True,7.803403372750265e-05,False,1.1482646326653799e-05,True,1.8948097207904354e-06,True
apache-httpd,recall,3,5,False,1.0,True,nan,False,nan,False
apache-httpd,recall,3,5,True,1.5774547127735528e-07,False,0.9981670999943061,False,0.9999340830555086,False
apache-httpd,recall,3,10,False,1.0,True,nan,False,nan,False
apache-httpd,recall,3,10,True,4.992315637138411e-09,False,0.9927666639069415,False,0.9999017816368938,False
apache-httpd,recall,3,15,False,1.0,True,nan,False,nan,False
apache-httpd,recall,3,15,True,3.041190607816197e-09,False,0.9873049495192463,False,0.9996725208283072,False
apache-httpd,recall,3,20,False,1.0,True,nan,False,nan,False
apache-httpd,recall,3,20,True,2.4380052910246855e-06,False,0.9993694911143403,False,0.9997811114027126,False
apache-httpd,recall,3,25,False,1.0,True,nan,False,nan,False
apache-httpd,recall,3,25,True,3.2190430737867597e-06,False,0.9996513640691954,False,0.9998534737399037,False
apache-httpd,recall,5,5,False,1.0,True,nan,False,nan,False
apache-httpd,recall,5,5,True,2.435443112433367e-07,False,0.9981114465945676,False,0.9997811114027126,False
apache-httpd,recall,5,10,False,1.0,True,nan,False,nan,False
apache-httpd,recall,5,10,True,5.128410850257009e-08,False,0.9953573862699722,False,0.9988911392678814,False
apache-httpd,recall,5,15,False,7.76637667465555e-12,False,0.16279099400809685,False,0.15865525393145707,False
apache-httpd,recall,5,15,True,1.091419468425267e-08,False,0.9866685016316885,False,0.9985675922237551,False
apache-httpd,recall,5,20,False,1.0,True,nan,False,nan,False
apache-httpd,recall,5,20,True,4.6913402483545275e-08,False,0.9962756897815429,False,0.9961571029723933,False
apache-httpd,recall,5,25,False,1.0,True,nan,False,nan,False
apache-httpd,recall,5,25,True,2.7690254274691475e-09,False,0.9856983334118026,False,0.9988911392678814,False
apache-httpd,recall,7,5,False,1.0,True,nan,False,nan,False
apache-httpd,recall,7,5,True,2.5041102980112847e-10,False,0.9513808389373135,False,0.9861460753209601,False
apache-httpd,recall,7,10,False,1.0,True,nan,False,nan,False
apache-httpd,recall,7,10,True,1.5589878540692965e-11,False,0.872043937831611,False,0.9784427766084624,False
apache-httpd,recall,7,15,False,1.0,True,nan,False,nan,False
apache-httpd,recall,7,15,True,4.931206576648611e-10,False,0.9623312920875389,False,0.9660554225690855,False
apache-httpd,recall,7,20,False,1.0,True,nan,False,nan,False
apache-httpd,recall,7,20,True,8.387179359588875e-10,False,0.9741609437954766,False,0.9784427766084624,False
apache-httpd,recall,7,25,False,1.0,True,nan,False,nan,False
apache-httpd,recall,7,25,True,1.6424328159223642e-09,False,0.9809461488701731,False,0.9910197612369607,False
irssi,f1,3,5,False,0.004725514404897782,False,1.780401753791224e-28,True,9.313225746154785e-10,True
irssi,f1,3,5,True,0.5097905418792066,True,1.5132341822830261e-09,True,6.51925802230835e-09,True
irssi,f1,3,10,False,0.00016364984378282064,False,3.489826530503524e-31,True,9.313225746154785e-10,True
irssi,f1,3,10,True,0.010594790810698996,False,1.0171627585593964e-08,True,9.313225746154785e-10,True
irssi,f1,3,15,False,0.19650802173435955,True,1.454010688773545e-33,True,9.313225746154785e-10,True
irssi,f1,3,15,True,0.4734989229001506,True,8.240826230225775e-11,True,9.313225746154785e-10,True
irssi,f1,3,20,False,0.0002197629109891444,False,3.5079977215941276e-32,True,9.313225746154785e-10,True
irssi,f1,3,20,True,0.08121317813550599,True,4.581024389287748e-11,True,9.313225746154785e-10,True
irssi,f1,3,25,False,0.0328107735704455,False,2.4619165483706693e-30,True,9.313225746154785e-10,True
irssi,f1,3,25,True,0.5324416080456504,True,5.745927139112594e-13,True,9.313225746154785e-10,True
irssi,f1,5,5,False,0.0020053131252116053,False,5.076888664295753e-16,True,9.313225746154785e-10,True
irssi,f1,5,5,True,0.021858715651749693,False,8.830952416664488e-11,True,9.313225746154785e-10,True
irssi,f1,5,10,False,0.14334304716478735,True,1.3279822492758682e-19,True,9.313225746154785e-10,True
irssi,f1,5,10,True,0.1533209950666099,True,5.47226357592393e-15,True,9.313225746154785e-10,True
irssi,f1,5,15,False,0.0018700284606202587,False,1.1083858570846152e-23,True,9.313225746154785e-10,True
irssi,f1,5,15,True,0.11292232543234482,True,9.228471917608997e-15,True,9.313225746154785e-10,True
irssi,f1,5,20,False,0.04097224629857536,False,3.1927966504793534e-21,True,9.313225746154785e-10,True
irssi,f1,5,20,True,0.11120508314530497,True,5.318394314998589e-16,True,9.313225746154785e-10,True
irssi,f1,5,25,False,0.00021101788599447446,False,2.1010349821466934e-18,True,9.313225746154785e-10,True
irssi,f1,5,25,True,0.038478069300934066,False,4.2639174396898504e-15,True,9.313225746154785e-10,True
irssi,f1,7,5,False,0.31605491741121805,True,3.073018071856789e-09,True,4.149049653178655e-06,True
irssi,f1,7,5,True,0.061548185904712796,True,9.377171479141268e-08,True,4.149049653178655e-06,True
irssi,f1,7,10,False,0.8709035041907984,True,7.854322209271827e-12,True,1.2815416253625037e-06,True
irssi,f1,7,10,True,0.02520042980655347,False,1.4427387085837247e-08,True,1.2815416253625037e-06,True
irssi,f1,7,15,False,0.40414674857185007,True,3.342853119961634e-12,True,1.2815416253625037e-06,True
irssi,f1,7,15,True,0.2029347240390436,True,1.4466610923171227e-09,True,1.2815416253625037e-06,True
irssi,f1,7,20,False,0.6976261534611088,True,1.0620810996895972e-11,True,1.2815416253625037e-06,True
irssi,f1,7,20,True,0.029509016412613102,False,1.1052283657490046e-09,True,1.2815416253625037e-06,True
irssi,f1,7,25,False,0.3402717902565824,True,1.443952532367731e-11,True,1.2815416253625037e-06,True
irssi,f1,7,25,True,0.08764463346689241,True,6.322827229288263e-10,True,1.2815416253625037e-06,True
irssi,precision,3,5,False,0.19141615548758872,True,6.455718736544466e-31,True,9.313225746154785e-10,True
irssi,precision,3,5,True,0.3124765454810129,True,4.348361443957669e-10,True,9.313225746154785e-10,True
irssi,precision,3,10,False,0.0059969278990676545,False,3.3458357073613006e-34,True,9.313225746154785e-10,True
irssi,precision,3,10,True,0.0026017683071218965,False,4.8915469197572955e-08,True,9.313225746154785e-10,True
irssi,precision,3,15,False,0.4644136594943047,True,4.2555531860533675e-39,True,9.313225746154785e-10,True
irssi,precision,3,15,True,0.08738877301089934,True,9.260552121375714e-10,True,9.313225746154785e-10,True
irssi,precision,3,20,False,5.712791427303695e-05,False,6.067062450524831e-37,True,9.313225746154785e-10,True
irssi,precision,3,20,True,0.011150243705456317,False,7.220085461033867e-10,True,9.313225746154785e-10,True
irssi,precision,3,25,False,0.008429485073506337,False,9.516257861226271e-35,True,9.313225746154785e-10,True
irssi,precision,3,25,True,0.07877664580648097,True,1.520838178107469e-11,True,9.313225746154785e-10,True
irssi,precision,5,5,False,0.003657844998599223,False,1.1614850121693255e-16,True,9.313225746154785e-10,True
irssi,precision,5,5,True,0.14628706254397433,True,5.889565410167458e-11,True,9.313225746154785e-10,True
irssi,precision,5,10,False,0.015456392201078365,False,2.4978356563462593e-22,True,9.313225746154785e-10,True
irssi,precision,5,10,True,0.346366448673928,True,9.39397342865615e-15,True,9.313225746154785e-10,True
irssi,precision,5,15,False,1.6257837417554134e-05,False,1.6385769551773486e-27,True,9.313225746154785e-10,True
irssi,precision,5,15,True,0.11416628852055627,True,1.919258843409944e-14,True,9.313225746154785e-10,True
irssi,precision,5,20,False,0.0011304738536222195,False,1.4825392707941752e-24,True,9.313225746154785e-10,True
irssi,precision,5,20,True,0.057798111329917544,True,9.681837484820064e-16,True,9.313225746154785e-10,True
irssi,precision,5,25,False,7.834751920478362e-06,False,2.8982414064312736e-20,True,9.313225746154785e-10,True
irssi,precision,5,25,True,0.1711422545644768,True,1.0112412688634261e-14,True,9.313225746154785e-10,True
irssi,precision,7,5,False,0.09922923904695795,True,5.094822202001506e-10,True,4.149049653178655e-06,True
irssi,precision,7,5,True,0.07647058371256142,True,3.0126241887633104e-08,True,4.149049653178655e-06,True
irssi,precision,7,10,False,0.4600630226469047,True,2.303477244869532e-13,True,1.2815416253625037e-06,True
irssi,precision,7,10,True,0.0349247965726402,False,6.965607639551398e-09,True,1.2815416253625037e-06,True
irssi,precision,7,15,False,0.04585209281937525,False,2.0551652944130566e-13,True,1.2815416253625037e-06,True
irssi,precision,7,15,True,0.363630895390043,True,7.668812588540856e-10,True,1.2815416253625037e-06,True
irssi,precision,7,20,False,0.2710407743022628,True,3.253340082963125e-13,True,1.2815416253625037e-06,True
irssi,precision,7,20,True,0.04421343628907385,False,6.186213616676081e-10,True,1.2815416253625037e-06,True
irssi,precision,7,25,False,0.10776151686328239,True,5.416018427790723e-13,True,1.2815416253625037e-06,True
irssi,precision,7,25,True,0.14140418875896854,True,2.9062266434611947e-10,True,1.2815416253625037e-06,True
irssi,recall,3,5,False,1.0,True,nan,False,nan,False
irssi,recall,3,5,True,8.68074496204855e-06,False,0.9998363930131507,False,0.9999908923514255,False
irssi,recall,3,10,False,1.0,True,nan,False,nan,False
irssi,recall,3,10,True,6.445874507832934e-05,False,0.999951195349081,False,0.9999340830555086,False
irssi,recall,3,15,False,1.0,True,nan,False,nan,False
irssi,recall,3,15,True,9.905830914953619e-07,False,0.9992242717922548,False,0.9997811114027126,False
irssi,recall,3,20,False,1.0,True,nan,False,nan,False
irssi,recall,3,20,True,6.385098077730596e-07,False,0.9991963459381692,False,0.9998534737399037,False
irssi,recall,3,25,False,1.0,True,nan,False,nan,False
irssi,recall,3,25,True,8.653810687190624e-07,False,0.9991672788637682,False,0.9997811114027126,False
irssi,recall,5,5,False,1.0,True,nan,False,nan,False
irssi,recall,5,5,True,2.733446018574541e-08,False,0.9941015258116795,False,0.9996725208283072,False
irssi,recall,5,10,False,1.0,True,nan,False,nan,False
irssi,recall,5,10,True,2.530007987012179e-06,False,0.9995746640371418,False,0.9999340830555086,False
irssi,recall,5,15,False,1.0,True,nan,False,nan,False
irssi,recall,5,15,True,3.178310014789258e-08,False,0.9961420193730005,False,0.9998534737399037,False
irssi,recall,5,20,False,1.0,True,nan,False,nan,False
irssi,recall,5,20,True,9.065769843585211e-08,False,0.9969250937887028,False,0.9996725208283072,False
irssi,recall,5,25,False,1.0,True,nan,False,nan,False
irssi,recall,5,25,True,3.6891477724332095e-06,False,0.999500207470593,False,0.9996725208283072,False
irssi,recall,7,5,False,1.0,True,nan,False,nan,False
irssi,recall,7,5,True,3.5826130546450315e-10,False,0.9570534257356351,False,0.9861460753209601,False
irssi,recall,7,10,False,1.0,True,nan,False,nan,False
irssi,recall,7,10,True,3.1047154265948405e-10,False,0.9555069704999167,False,0.9660554225690855,False
irssi,recall,7,15,False,1.0,True,nan,False,nan,False
irssi,recall,7,15,True,1.173508182401787e-11,False,0.8573322883553002,False,0.9101437525605001,False
irssi,recall,7,20,False,1.0,True,nan,False,nan,False
irssi,recall,7,20,True,5.688592379952149e-11,False,0.9157270287758419,False,0.9455952849797271,False
irssi,recall,7,25,False,1.0,True,nan,False,nan,False
irssi,recall,7,25,True,4.637918611961232e-11,False,0.9114815730831611,False,0.9455952849797271,False
libssh,f1,3,5,False,0.015166172394703982,False,1.3031636546018858e-10,True,4.149049653178655e-06,True
libssh,f1,3,5,True,8.973330767341856e-06,False,9.978777364840437e-05,True,5.9026988551078426e-06,True
libssh,f1,3,10,False,0.016676448898054447,False,6.451434060677835e-12,True,1.8948097207904354e-06,True
libssh,f1,3,10,True,9.021772268772838e-05,False,2.066626491169429e-05,True,3.2606602822721844e-06,True
libssh,f1,3,15,False,0.0012937308211852304,False,1.598069537689778e-12,True,1.8948097207904354e-06,True
libssh,f1,3,15,True,7.993669098754115e-05,False,3.3065501543623586e-06,True,1.8948097207904354e-06,True
libssh,f1,3,20,False,0.00048082474181467233,False,8.732375378778517e-13,True,1.2815416253625037e-06,True
libssh,f1,3,20,True,9.468458817951814e-05,False,5.15659328915387e-07,True,1.2815416253625037e-06,True
libssh,f1,3,25,False,0.00012578748519698503,False,9.887362892610534e-13,True,1.8948097207904354e-06,True
libssh,f1,3,25,True,0.00019284388230981424,False,1.3757927081918938e-07,True,1.8948097207904354e-06,True
libssh,f1,5,5,False,0.6938700195232139,True,2.430389383737699e-12,True,9.313225746154785e-10,True
libssh,f1,5,5,True,0.00891641677871364,False,1.4422694530227407e-06,True,6.51925802230835e-08,True
libssh,f1,5,10,False,0.4469256884314246,True,3.0342458535424007e-10,True,1.8948097207904354e-06,True
libssh,f1,5,10,True,0.012372642557511453,False,2.806086779843001e-07,True,1.8948097207904354e-06,True
libssh,f1,5,15,False,0.39287073421325,True,3.634069625841078e-11,True,9.313225746154785e-10,True
libssh,f1,5,15,True,0.0007189076220429642,False,2.6189350741438137e-07,True,9.313225746154785e-10,True
libssh,f1,5,20,False,0.9025351871679179,True,1.0436718024669896e-11,True,1.2815416253625037e-06,True
libssh,f1,5,20,True,0.018049102109525688,False,2.5755502636154436e-08,True,1.2815416253625037e-06,True
libssh,f1,5,25,False,0.8341297046168528,True,2.3602005536363857e-11,True,1.2815416253625037e-06,True
libssh,f1,5,25,True,0.09688137505701186,True,1.045633751577187e-08,True,1.2815416253625037e-06,True
libssh,f1,7,5,False,0.00016712657700482928,False,1.575689577451397e-05,True,4.149049653178655e-06,True
libssh,f1,7,5,True,1.3371577098100814e-06,False,0.00033122817007526613,True,4.149049653178655e-06,True
libssh,f1,7,10,False,0.0014627720770577003,False,3.524971589515635e-06,True,2.803058263748007e-06,True
libssh,f1,7,10,True,2.918358484999276e-06,False,0.00010772574190127458,True,2.803058263748007e-06,True
libssh,f1,7,15,False,0.0014563965249876545,False,1.0270466661365863e-06,True,9.313225746154785e-10,True
libssh,f1,7,15,True,0.00011928198128258654,False,4.159471652968202e-06,True,9.313225746154785e-10,True
libssh,f1,7,20,False,0.01489664614139203,False,1.4392262556280413e-07,True,9.313225746154785e-10,True
libssh,f1,7,20,True,0.01907587056361235,False,7.92142198025197e-09,True,9.313225746154785e-10,True
libssh,f1,7,25,False,0.005455251101773367,False,6.363309271288406e-07,True,1.2815416253625037e-06,True
libssh,f1,7,25,True,0.08009442143883537,True,3.4601126732228306e-08,True,1.2815416253625037e-06,True
libssh,precision,3,5,False,0.0027512670128009434,False,3.980564995512857e-11,True,4.149049653178655e-06,True
libssh,precision,3,5,True,4.782893306925916e-06,False,9.38771918740184e-05,True,4.149049653178655e-06,True
libssh,precision,3,10,False,0.003439663557744583,False,8.150431025999405e-13,True,1.8948097207904354e-06,True
libssh,precision,3,10,True,4.5203210258647624e-05,False,1.2616047983363907e-05,True,1.8948097207904354e-06,True
libssh,precision,3,15,False,0.0003028360744288632,False,2.355142501619512e-13,True,1.8948097207904354e-06,True
libssh,precision,3,15,True,3.136359685723288e-05,False,6.116038291626695e-06,True,1.8948097207904354e-06,True
libssh,precision,3,20,False,0.00015888878979830278,False,9.212406508340496e-14,True,1.2815416253625037e-06,True
libssh,precision,3,20,True,1.784026409142953e-05,False,1.4221971136726667e-06,True,1.2815416253625037e-06,True
libssh,precision,3,25,False,8.945442119187458e-05,False,1.2679802825868632e-13,True,1.8948097207904354e-06,True
libssh,precision,3,25,True,1.4284382384005677e-05,False,4.635510247504979e-07,True,1.8948097207904354e-06,True
libssh,precision,5,5,False,0.146168710003013,True,7.187734745859825e-14,True,9.313225746154785e-10,True
libssh,precision,5,5,True,0.0022781725232634653,False,7.549021874121869e-07,True,9.313225746154785e-10,True
libssh,precision,5,10,False,0.2654509098464965,True,6.683163195702456e-11,True,1.8948097207904354e-06,True
libssh,precision,5,10,True,0.002545547207089548,False,4.3635913110747773e-07,True,1.8948097207904354e-06,True
libssh,precision,5,15,False,0.02635336364591593,False,3.6565501892612035e-12,True,9.313225746154785e-10,True
libssh,precision,5,15,True,0.00021720185602871003,False,4.985987089103686e-07,True,9.313225746154785e-10,True
libssh,precision,5,20,False,0.30575691415563216,True,6.343710737598101e-13,True,1.2815416253625037e-06,True
libssh,precision,5,20,True,0.0035801222624699948,False,4.802090164151665e-08,True,1.2815416253625037e-06,True
libssh,precision,5,25,False,0.5342522215441949,True,1.836362227527774e-12,True,1.2815416253625037e-06,True
libssh,precision,5,25,True,0.03335070110578449,False,1.902475043229608e-08,True,1.2815416253625037e-06,True
libssh,precision,7,5,False,0.0030725974920152435,False,2.0141252570437975e-06,True,4.149049653178655e-06,True
libssh,precision,7,5,True,1.5696287611050094e-06,False,0.00029005783332907066,True,4.149049653178655e-06,True
libssh,precision,7,10,False,0.02075483957037084,False,3.315383053490834e-07,True,2.803058263748007e-06,True
libssh,precision,7,10,True,2.384295700464404e-06,False,0.00010247403200056653,True,2.803058263748007e-06,True
libssh,precision,7,15,False,0.024907485866987995,False,6.445664433883303e-08,True,9.313225746154785e-10,True
libssh,precision,7,15,True,6.329598256058367e-05,False,3.5689694213401087e-06,True,9.313225746154785e-10,True
libssh,precision,7,20,False,0.17804222219138527,True,7.473151739141815e-09,True,9.313225746154785e-10,True
libssh,precision,7,20,True,0.0013718486999293377,False,5.811708947265332e-09,True,9.313225746154785e-10,True
libssh,precision,7,25,False,0.05608228443449953,True,4.690959602605824e-08,True,1.2815416253625037e-06,True
libssh,precision,7,25,True,0.043339585311217,False,2.8060125326957333e-08,True,1.2815416253625037e-06,True
libssh,recall,3,5,False,1.0,True,nan,False,nan,False
libssh,recall,3,5,True,4.310620720596387e-10,False,0.9622617305592471,False,0.9988911392678814,False
libssh,recall,3,10,False,1.0,True,nan,False,nan,False
libssh,recall,3,10,True,7.546905662052226e-11,False,0.9398254466274011,False,0.9998534737399037,False
libssh,recall,3,15,False,1.0,True,nan,False,nan,False
libssh,recall,3,15,True,4.209054627903588e-11,False,0.9239798708015046,False,0.9996725208283072,False
libssh,recall,3,20,False,1.0,True,nan,False,nan,False
libssh,recall,3,20,True,6.91904977518816e-11,False,0.9301753826444712,False,0.9961571029723933,False
libssh,recall,3,25,False,1.0,True,nan,False,nan,False
libssh,recall,3,25,True,8.98198271334505e-10,False,0.9722414482558684,False,0.9983271909420746,False
libssh,recall,5,5,False,1.0,True,nan,False,nan,False
libssh,recall,5,5,True,2.2211627438643657e-09,False,0.9802217110680531,False,0.9988911392678814,False
libssh,recall,5,10,False,1.0,True,nan,False,nan,False
libssh,recall,5,10,True,9.523215564900074e-11,False,0.9403074266212788,False,0.9988911392678814,False
libssh,recall,5,15,False,1.0,True,nan,False,nan,False
libssh,recall,5,15,True,3.2712570318490903e-10,False,0.9633881794228615,False,0.9995092301237392,False
libssh,recall,5,20,False,1.0,True,nan,False,nan,False
libssh,recall,5,20,True,5.862715819140564e-09,False,0.9872999480007386,False,0.9974689839368661,False
libssh,recall,5,25,False,7.76637667465555e-12,False,0.16279099400809674,False,0.15865525393145707,False
libssh,recall,5,25,True,1.2317005656741714e-09,False,0.9741952288888804,False,0.9784427766084624,False
libssh,recall,7,5,False,1.0,True,nan,False,nan,False
libssh,recall,7,5,True,1.375652693045646e-10,False,0.9397483686106991,False,0.9455952849797271,False
libssh,recall,7,10,False,1.0,True,nan,False,nan,False
libssh,recall,7,10,True,1.9891505070217563e-10,False,0.9511652836559372,False,0.9660554225690855,False
libssh,recall,7,15,False,1.0,True,nan,False,nan,False
libssh,recall,7,15,True,4.0746924706298745e-10,False,0.9616822913590102,False,0.9784427766084624,False
libssh,recall,7,20,False,1.0,True,nan,False,nan,False
libssh,recall,7,20,True,3.4868044305734523e-11,False,0.9005506735392188,False,0.9455952849797271,False
libssh,recall,7,25,False,1.0,True,nan,False,nan,False
libssh,recall,7,25,True,2.5937468283536662e-11,False,0.8942861182992752,False,0.9784427766084624,False
openvpn,f1,3,5,False,0.00022099911277851048,False,4.1903781233324474e-11,True,1.2815416253625037e-06,True
openvpn,f1,3,5,True,0.0001373434945035859,False,1.1776071593481916e-05,True,2.1644702500160242e-06,True
openvpn,f1,3,10,False,6.050904776341619e-06,False,1.3569136090220474e-10,True,9.313225746154785e-10,True
openvpn,f1,3,10,True,2.1406988360613575e-05,False,1.0630589499636534e-06,True,9.313225746154785e-10,True
openvpn,f1,3,15,False,1.3282983763394895e-05,False,2.6446842010953978e-14,True,9.313225746154785e-10,True
openvpn,f1,3,15,True,0.0001496063679114666,False,1.9843681902994607e-08,True,9.313225746154785e-10,True
openvpn,f1,3,20,False,0.008601342182303368,False,1.42662785791254e-19,True,9.313225746154785e-10,True
openvpn,f1,3,20,True,1.2047286964651835e-06,False,2.0291850867544893e-10,True,9.313225746154785e-10,True
openvpn,f1,3,25,False,0.00014915693645214853,False,1.26952335494851e-22,True,9.313225746154785e-10,True
openvpn,f1,3,25,True,7.175033687106743e-08,False,3.848259848130589e-12,True,9.313225746154785e-10,True
openvpn,f1,5,5,False,0.0077785120664202395,False,1.8739317436808151e-07,True,2.803058263748007e-06,True
openvpn,f1,5,5,True,3.631991998864669e-05,False,2.3128442815341567e-05,True,2.803058263748007e-06,True
openvpn,f1,5,10,False,0.0854869998132545,True,1.204584159495544e-08,True,1.8948097207904354e-06,True
openvpn,f1,5,10,True,0.00015733420677791456,False,1.158732106003037e-05,True,2.114204423623048e-06,True
openvpn,f1,5,15,False,0.08508451738072043,True,3.4013434764846143e-09,True,1.8948097207904354e-06,True
openvpn,f1,5,15,True,0.00012261979579888415,False,1.0495301954084483e-05,True,1.8948097207904354e-06,True
openvpn,f1,5,20,False,0.07962594652993903,True,1.5584271285589887e-09,True,2.1644702500160242e-06,True
openvpn,f1,5,20,True,1.5175954964011618e-05,False,1.611413477085983e-05,True,1.5825850093136646e-06,True
openvpn,f1,5,25,False,0.08110067092894012,True,8.642425620253448e-09,True,3.6148027538805562e-06,True
openvpn,f1,5,25,True,0.0007642756939464739,False,2.783496067617609e-06,True,2.1644702500160242e-06,True
openvpn,f1,7,5,False,0.00013923622223016476,False,9.965062346156887e-06,True,1.4319643696557219e-05,True
openvpn,f1,7,5,True,6.551174880258278e-05,False,5.778655179432029e-05,True,6.949007046894953e-06,True
openvpn,f1,7,10,False,0.16993143868614197,True,1.0867492079196424e-07,True,4.0046870708465576e-08,True
openvpn,f1,7,10,True,0.00016813481508649473,False,1.664446218871034e-05,True,2.7939677238464355e-09,True
openvpn,f1,7,15,False,0.29406583717553936,True,1.8155345403153831e-06,True,2.210959792137146e-06,True
openvpn,f1,7,15,True,5.907944676244356e-05,False,2.638618177353386e-05,True,9.313225746154785e-09,True
openvpn,f1,7,20,False,0.7226623621334207,True,1.412476000365332e-05,True,7.385988094457401e-05,True
openvpn,f1,7,20,True,0.00022331298429506836,False,4.688341727250161e-05,True,8.022566821361481e-06,True
openvpn,f1,7,25,False,0.6820093778161399,True,7.537289458367394e-05,True,0.0001416318118572235,True
openvpn,f1,7,25,True,0.001176268834685021,False,5.411581522213644e-05,True,1.6195699572563171e-06,True
openvpn,precision,3,5,False,0.00015429139350280074,False,2.1531310516157687e-11,True,1.2815416253625037e-06,True
openvpn,precision,3,5,True,1.5018652316088551e-05,False,2.482254297990274e-05,True,1.2815416253625037e-06,True
openvpn,precision,3,10,False,1.358868217150701e-06,False,1.1265117599095452e-10,True,9.313225746154785e-10,True
openvpn,precision,3,10,True,7.8977519892265e-06,False,4.278061114119576e-06,True,9.313225746154785e-10,True
openvpn,precision,3,15,False,1.9126430668433067e-06,False,1.4425167434247122e-14,True,9.313225746154785e-10,True
openvpn,precision,3,15,True,1.0227162377645286e-05,False,3.4406349763214384e-08,True,9.313225746154785e-10,True
openvpn,precision,3,20,False,0.0024169313395511947,False,1.9130563955015428e-19,True,9.313225746154785e-10,True
openvpn,precision,3,20,True,4.5097364768659285e-08,False,7.004327245164995e-10,True,9.313225746154785e-10,True
openvpn,precision,3,25,False,0.0003979656548477337,False,4.5408712537631285e-24,True,9.313225746154785e-10,True
openvpn,precision,3,25,True,1.3547842548349906e-08,False,6.799142793272136e-11,True,9.313225746154785e-10,True
openvpn,precision,5,5,False,0.034267530982322804,False,1.7383307018972267e-08,True,2.803058263748007e-06,True
openvpn,precision,5,5,True,3.7561211663059985e-05,False,2.308148999021026e-05,True,2.803058263748007e-06,True
openvpn,precision,5,10,False,0.4467855136069748,True,4.414899902152525e-10,True,1.8948097207904354e-06,True
openvpn,precision,5,10,True,8.994111783590806e-05,False,1.1122347649011812e-05,True,1.8948097207904354e-06,True
openvpn,precision,5,15,False,0.08520506998153837,True,1.7841278154628218e-10,True,1.8948097207904354e-06,True
openvpn,precision,5,15,True,6.185139144807266e-05,False,1.245417847167611e-05,True,1.8948097207904354e-06,True
openvpn,precision,5,20,False,0.07702877768583226,True,3.734505433528092e-11,True,1.4244516560381606e-06,True
openvpn,precision,5,20,True,6.7290436818757285e-06,False,1.5103865990033636e-05,True,1.4244516560381606e-06,True
openvpn,precision,5,25,False,0.01323788788766617,False,1.1149242759940347e-10,True,1.7574815406371137e-06,True
openvpn,precision,5,25,True,0.00011517296581165552,False,2.4048810907317846e-06,True,1.5825850093136646e-06,True
openvpn,precision,7,5,False,2.231512089790691e-05,False,1.1150344312282336e-05,True,7.85255000987501e-06,True
openvpn,precision,7,5,True,8.360521161295669e-05,False,4.539035485424601e-05,True,6.1451611051242046e-06,True
openvpn,precision,7,10,False,0.014128396948332357,False,3.1503827300581106e-08,True,2.7939677238464355e-09,True
openvpn,precision,7,10,True,0.00023499889408680447,False,9.147500401445028e-06,True,9.313225746154785e-10,True
openvpn,precision,7,15,False,0.16732777882114291,True,2.1107182020166842e-08,True,2.3283064365386963e-08,True
openvpn,precision,7,15,True,6.21006972769708e-05,False,1.0912340855440513e-05,True,1.862645149230957e-09,True
openvpn,precision,7,20,False,0.24685143286785183,True,5.0308283987469604e-08,True,4.890826126605969e-06,True
openvpn,precision,7,20,True,0.00013108167024416764,False,9.94010749451829e-06,True,1.5825850093136646e-06,True
openvpn,precision,7,25,False,0.121290099759436,True,1.0622674645953572e-07,True,1.2759119272232056e-07,True
openvpn,precision,7,25,True,0.00018922504529403036,False,7.951317199368834e-06,True,6.51925802230835e-09,True
openvpn,recall,3,5,False,8.912508315841882e-11,False,0.928559781634231,False,0.9455952849797271,False
openvpn,recall,3,5,True,4.4518916704808356e-08,False,0.9957922368207442,False,0.9999557127115607,False
openvpn,recall,3,10,False,2.8451643349551243e-10,False,0.954879193919718,False,0.9861460753209601,False
openvpn,recall,3,10,True,1.6078320820392957e-08,False,0.9942193279567643,False,0.9999340830555086,False
openvpn,recall,3,15,False,2.4377665624251736e-07,False,0.9980081036354184,False,0.9988911392678814,False
openvpn,recall,3,15,True,3.018217735449861e-09,False,0.9893799523718244,False,0.9999340830555086,False
openvpn,recall,3,20,False,4.0372759400761603e-07,False,0.99852789671888,False,0.9996725208283072,False
openvpn,recall,3,20,True,5.095939885945475e-09,False,0.9941949200758383,False,0.9999799501759177,False
openvpn,recall,3,25,False,9.28152484113419e-08,False,0.9973841502637624,False,0.9996725208283072,False
openvpn,recall,3,25,True,4.687815928533527e-06,False,0.9997396750491365,False,0.9999799501759177,False
openvpn,recall,5,5,False,1.0878416240695194e-08,False,0.9922721703482821,False,0.9861460753209601,False
openvpn,recall,5,5,True,1.7626546337970593e-08,False,0.9929065403810343,False,0.9988911392678814,False
openvpn,recall,5,10,False,2.9971963572298526e-09,False,0.9822135980508426,False,0.9941406572001157,False
openvpn,recall,5,10,True,3.879730480298131e-08,False,0.9975975044610403,False,0.9999017816368938,False
openvpn,recall,5,15,False,1.1552806426858615e-07,False,0.9976546610099707,False,0.9997811114027126,False
openvpn,recall,5,15,True,1.993416963610511e-08,False,0.9969040042185974,False,0.9999340830555086,False
openvpn,recall,5,20,False,2.672326016459204e-06,False,0.9996474068424159,False,0.9999557127115607,False
openvpn,recall,5,20,True,0.00011577293711636465,False,0.9999839061182675,False,0.9999864920257564,False
openvpn,recall,5,25,False,1.3536660373841387e-05,False,0.9998511056170015,False,0.9999702151104627,False
openvpn,recall,5,25,True,3.150999315149212e-05,False,0.9999017932236286,False,0.9999702151104627,False
openvpn,recall,7,5,False,2.1099581582774014e-09,False,0.9816359436074925,False,0.9784427766084624,False
openvpn,recall,7,5,True,9.626710951443024e-10,False,0.9727524338462391,False,0.9941406572001157,False
openvpn,recall,7,10,False,1.8934371833285452e-08,False,0.9820725418128394,False,0.9913548597035469,False
openvpn,recall,7,10,True,2.898271091138204e-09,False,0.9848384372071646,False,0.9993874882289656,False
openvpn,recall,7,15,False,6.09531952547993e-10,False,0.9707376452127481,False,0.9988911392678814,False
openvpn,recall,7,15,True,6.225990250734633e-09,False,0.9895032657686746,False,0.9996725208283072,False
openvpn,recall,7,20,False,2.3955913823321598e-08,False,0.9956072179591197,False,0.9999340830555086,False
openvpn,recall,7,20,True,5.947052740309566e-07,False,0.9993325426641093,False,0.9999702151104627,False
openvpn,recall,7,25,False,3.529003259825697e-08,False,0.9981077350933768,False,0.9999799501759177,False
openvpn,recall,7,25,True,5.3879579854730907e-08,False,0.9989874344995568,False,0.9999908923514255,False
vim,f1,3,5,False,0.13479246025878738,True,1.0470779995528106e-13,True,1.8948097207904354e-06,True
vim,f1,3,5,True,7.710581076804807e-06,False,6.691311179942772e-05,True,1.8948097207904354e-06,True
vim,f1,3,10,False,0.5993379635246684,True,7.133441302519157e-19,True,9.313225746154785e-10,True
vim,f1,3,10,True,2.7028001731947372e-05,False,2.559808739500749e-06,True,4.6566128730773926e-09,True
vim,f1,3,15,False,0.2123067646690729,True,9.745541553978545e-19,True,9.313225746154785e-10,True
vim,f1,3,15,True,7.44347155858947e-07,False,1.0527224336587818e-06,True,9.313225746154785e-10,True
vim,f1,3,20,False,0.09406068396262428,True,6.292323144411801e-21,True,9.313225746154785e-10,True
vim,f1,3,20,True,9.692739364369047e-06,False,5.883053661867768e-10,True,9.313225746154785e-10,True
vim,f1,3,25,False,0.06100589085321894,True,3.448405294064099e-20,True,9.313225746154785e-10,True
vim,f1,3,25,True,2.122741687076055e-07,False,3.4158140065926684e-08,True,9.313225746154785e-10,True
vim,f1,5,5,False,0.012949425203832843,False,2.028744639585486e-07,True,6.1451611051242046e-06,True
vim,f1,5,5,True,2.273914679028609e-07,False,0.00098031688261261,True,6.1451611051242046e-06,True
vim,f1,5,10,False,0.2046388329876055,True,6.1030973413033735e-09,True,1.8948097207904354e-06,True
vim,f1,5,10,True,5.459447332281167e-06,False,7.909397721256312e-05,True,1.8948097207904354e-06,True
vim,f1,5,15,False,0.22097386813596237,True,4.976874136713217e-09,True,1.8948097207904354e-06,True
vim,f1,5,15,True,4.488776292698449e-05,False,3.355782047365676e-06,True,1.8948097207904354e-06,True
vim,f1,5,20,False,0.14868094333230586,True,1.152618643462357e-08,True,1.2815416253625037e-06,True
vim,f1,5,20,True,1.3272225085846355e-05,False,1.2522855966706983e-05,True,1.2815416253625037e-06,True
vim,f1,5,25,False,0.107778323362824,True,6.505512148252844e-09,True,9.313225746154785e-10,True
vim,f1,5,25,True,0.00016675874118345189,False,2.325594003914983e-06,True,9.313225746154785e-10,True
vim,f1,7,5,False,4.714658967952306e-05,False,7.594509095591562e-05,True,4.428728843931774e-05,True
vim,f1,7,5,True,2.688760531486636e-06,False,0.00944102778388411,True,0.00044590134848107046,True
vim,f1,7,10,False,0.00010277768551183992,False,2.5201986038767677e-05,True,6.1451611051242046e-06,True
vim,f1,7,10,True,5.531430474143013e-07,False,0.000864271555024781,True,6.1451611051242046e-06,True
vim,f1,7,15,False,0.0002790442011002727,False,1.6982291306121248e-05,True,2.803058263748007e-06,True
vim,f1,7,15,True,4.703376349626176e-05,False,0.0024499560077927765,True,3.329530122563563e-05,True
vim,f1,7,20,False,0.0001963402330785437,False,2.25043913264497e-05,True,2.803058263748007e-06,True
vim,f1,7,20,True,3.2129271381802173e-07,False,0.0008978941329351396,True,2.803058263748007e-06,True
vim,f1,7,25,False,0.00010871047425388006,False,2.5438312023140936e-05,True,2.803058263748007e-06,True
vim,f1,7,25,True,7.697511364988942e-06,False,0.0001896055744126932,True,2.803058263748007e-06,True
vim,precision,3,5,False,0.056265719821059074,True,3.602333434445288e-14,True,1.8948097207904354e-06,True
vim,precision,3,5,True,4.516672632798302e-06,False,0.00011945461832723692,True,1.8948097207904354e-06,True
vim,precision,3,10,False,0.7532642018664633,True,3.77483608754476e-20,True,9.313225746154785e-10,True
vim,precision,3,10,True,1.043786755553738e-05,False,1.2325177752576573e-06,True,9.313225746154785e-10,True
vim,precision,3,15,False,0.11244883019265445,True,3.618187405210089e-20,True,9.313225746154785e-10,True
vim,precision,3,15,True,2.4935346837967603e-07,False,1.2747934624266365e-05,True,9.313225746154785e-10,True
vim,precision,3,20,False,0.1066272707496772,True,6.202804666723178e-23,True,9.313225746154785e-10,True
vim,precision,3,20,True,9.79814664645351e-07,False,2.7170057327165453e-08,True,9.313225746154785e-10,True
vim,precision,3,25,False,0.07192575242471871,True,3.423119170670659e-22,True,9.313225746154785e-10,True
vim,precision,3,25,True,3.1625759685147316e-08,False,4.848297685634446e-07,True,9.313225746154785e-10,True
vim,precision,5,5,False,0.06630356135979903,True,2.964806864616595e-08,True,6.1451611051242046e-06,True
vim,precision,5,5,True,1.952400757394426e-07,False,0.0010575757299291727,True,6.1451611051242046e-06,True
vim,precision,5,10,False,0.1034712465603928,True,3.999269241063083e-10,True,1.8948097207904354e-06,True
vim,precision,5,10,True,3.5843505505972026e-06,False,9.863023209546002e-05,True,1.8948097207904354e-06,True
vim,precision,5,15,False,0.14873569331116165,True,4.175298112529502e-10,True,1.8948097207904354e-06,True
vim,precision,5,15,True,9.011109293481612e-06,False,5.502179602707556e-06,True,1.8948097207904354e-06,True
vim,precision,5,20,False,0.12254769111436487,True,9.985732156202464e-10,True,1.2815416253625037e-06,True
vim,precision,5,20,True,3.077928812958593e-06,False,2.354412036284795e-05,True,1.2815416253625037e-06,True
vim,precision,5,25,False,0.08185706561473768,True,4.5152585685148683e-10,True,9.313225746154785e-10,True
vim,precision,5,25,True,1.987995526526908e-05,False,5.274723601546297e-06,True,9.313225746154785e-10,True
vim,precision,7,5,False,0.00012428951959252968,False,4.288381802974043e-05,True,4.428728843931774e-05,True
vim,precision,7,5,True,1.0619469043629707e-07,False,0.002490489716119019,True,4.428728843931774e-05,True
vim,precision,7,10,False,0.0002689448750598718,False,1.1243193283196601e-05,True,6.1451611051242046e-06,True
vim,precision,7,10,True,2.2793560232129113e-07,False,0.001105783108129444,True,6.1451611051242046e-06,True
vim,precision,7,15,False,0.00038096340337085896,False,5.5985462499284745e-06,True,2.803058263748007e-06,True
vim,precision,7,15,True,7.876055000656934e-07,False,0.0005800923678050001,True,2.803058263748007e-06,True
vim,precision,7,20,False,0.0006434864966539501,False,5.653882230127535e-06,True,2.803058263748007e-06,True
vim,precision,7,20,True,1.8146277651183943e-07,False,0.0009437681111560507,True,2.803058263748007e-06,True
vim,precision,7,25,False,0.00022291172127257325,False,1.0646077725758026e-05,True,2.803058263748007e-06,True
vim,precision,7,25,True,4.612138065078614e-06,False,0.000232364699023286,True,2.803058263748007e-06,True
vim,recall,3,5,False,1.0,True,nan,False,nan,False
vim,recall,3,5,True,3.096762411811169e-09,False,0.984708035186218,False,0.9995092301237392,False
vim,recall,3,10,False,7.76637667465555e-12,False,0.16279099400809682,False,0.15865525393145707,False
vim,recall,3,10,True,1.1831386772640775e-10,False,0.9414035221757758,False,0.9983271909420746,False
vim,recall,3,15,False,1.0,True,nan,False,nan,False
vim,recall,3,15,True,8.882723054138347e-10,False,0.9725793830197765,False,0.9988911392678814,False
vim,recall,3,20,False,1.0,True,nan,False,nan,False
vim,recall,3,20,True,4.282414128168524e-10,False,0.9639293641295588,False,0.9988911392678814,False
vim,recall,3,25,False,1.0,True,nan,False,nan,False
vim,recall,3,25,True,1.9970384525119336e-09,False,0.9793092344472811,False,0.9983271909420746,False
vim,recall,5,5,False,1.0,True,nan,False,nan,False
vim,recall,5,5,True,2.6659596156641736e-11,False,0.8916371905572119,False,0.9784427766084624,False
vim,recall,5,10,False,1.0,True,nan,False,nan,False
vim,recall,5,10,True,5.935328435652401e-09,False,0.9878859158905795,False,0.9983271909420746,False
vim,recall,5,15,False,1.0,True,nan,False,nan,False
vim,recall,5,15,True,8.993371942486686e-09,False,0.9885247494446058,False,0.9961571029723933,False
vim,recall,5,20,False,1.0,True,nan,False,nan,False
vim,recall,5,20,True,2.7617314174584856e-10,False,0.9555040535133059,False,0.9861460753209601,False
vim,recall,5,25,False,1.0,True,nan,False,nan,False
vim,recall,5,25,True,1.398623148058043e-10,False,0.9399751863373944,False,0.9941406572001157,False
vim,recall,7,5,False,1.0,True,nan,False,nan,False
vim,recall,7,5,True,1.3675201868923282e-11,False,0.8665693106706207,False,0.9784427766084624,False
vim,recall,7,10,False,1.0,True,nan,False,nan,False
vim,recall,7,10,True,1.405999111910887e-10,False,0.9394694735786275,False,0.9784427766084624,False
vim,recall,7,15,False,1.0,True,nan,False,nan,False
vim,recall,7,15,True,1.0993887382335528e-11,False,0.8556207309432775,False,0.9784427766084624,False
vim,recall,7,20,False,1.0,True,nan,False,nan,False
vim,recall,7,20,True,4.147697513343697e-10,False,0.9620605087333289,False,0.9910197612369607,False
vim,recall,7,25,False,1.0,True,nan,False,nan,False
vim,recall,7,25,True,3.195847724067851e-10,False,0.9559552842276917,False,0.9784427766084624,False
